Month,Total Sales
February ,6499.66
December,6341.14
July,5112.530000000001
November,5042.03
September,3899.5299999999997
April,3229.6499999999996
August,2395.03
March,2315.52
June,1851.6200000000001
May,1339.2399999999998
October,359.6
